POS.WeekEndDate,POS.Inventory,POS.Net...Sold,POS.Net.Quantity.Sold,HA_promo_COM,HA_promo_EML,HA_promo_other,HA_promo_COM_weighted,HA_promo_EML_weighted,HA_promo_other_weighted,weighted_unit_price,Display_Cost,web_Events,web_TotalSessions,web_AvgTimeonPage,web_AvgPageViews,web_locate_a_dealer,web_where_to_buy,web_add_to_cart,web_Total_prod_spec,web_Total_about_product,web_Total_image,web_Total_Video,web_Total_Downloads,web_Other,web_Total_PDP_Reviews,web_Total_PDP_Views,web_Social_new,web_Other_new,web_PaidSearch,web_Email,web_Affiliates,web_Referral,web_Social,web_OrganicSearch,web_Direct,web_Display,eml_SENT,eml_OPENED,eml_UOPEN,eml_Cost,corona_cases,vaccine,Holiday,Holiday_Significance,Event,Event_Significance,Total_Holiday.Event_Count,Overall_Significance,PaidSearch_Cost,PaidSocial_Cost,trend,Display_Impressions,PaidSearch_Impressions,PaidSocial_Impressions
2019-01-07,30197,1870898,5718,45.51724138,29.09090909,62.5,51.09554777,30.34825871,68.10551559,327.1907922,881.74,594.0,8020,9.078571429,3.351428571,42,498,54.0,0,0,1049,260,160,3,0,26688,24,0,1003,44,0,122,26688,3807,3020,0,381976,216642,172153,286.482,0,0,0,0,0,0,0,0,8983.4,0.0,58,495278,159459,0
2019-01-14,33260,1799930,5463,49.27536232,29.03846154,48.33333333,48.55561704,30.82822086,50.15625,329.472451,909.59,576.0,7886,8.854285714,3.51,59,477,40.0,1356,0,987,257,192,1,166,27284,17,1,1179,47,0,184,27284,3688,2770,0,0,0,0,0.0,0,0,0,0,0,0,0,0,14055.08,0.0,56,456941,203457,0
2019-01-21,31233,1889259,5675,59.79166667,27.75,89.0,69.71376647,30.0887574,89.82219497,332.9051542,1030.48,515.0,6585,8.277142857,3.974285714,50,428,37.0,1492,0,926,238,178,0,164,25019,4,0,1374,47,0,121,25019,3691,1348,0,0,0,0,0.0,0,0,1,0,0,0,1,0,10216.27,0.0,91,561930,168304,0
2019-01-28,32624,1880258,5391,44.54545455,30.86956522,69.0,59.13312693,32.36453202,70.24134313,348.773632,669.07,541.0,5945,8.587142857,4.272857143,41,457,43.0,1412,0,874,211,177,0,180,23915,5,0,1344,48,0,103,23915,3610,835,0,0,0,0,0.0,0,0,0,0,0,0,0,0,5211.01,0.0,35,395186,88427,0
2019-02-04,32654,1527768,4510,37.34375,29.80769231,53.33333333,37.87172012,33.69098712,50.37735849,338.7458537,762.38,507.0,6074,8.712857143,4.384285714,0,470,37.0,1498,0,872,315,169,0,175,25230,26,0,1480,55,0,70,25230,3580,863,0,0,0,0,0.0,0,0,0,0,0,0,0,0,5566.36,0.0,38,378243,83676,0
2019-02-11,36280,1908004,5561,48.87323944,30.0,70.76923077,59.82348703,31.21134021,75.73804574,343.0998112,1735.64,501.0,6045,8.718571429,4.181428571,0,463,38.0,541,0,819,317,56,0,71,24233,10,0,1308,47,0,75,24233,3730,875,0,0,0,0,0.0,0,0,0,0,1,1,1,1,6124.98,0.0,61,670452,107008,0
2019-02-18,32853,1877688,5462,50.92592593,29.34782609,66.36363636,62.07841644,30.72727273,78.02848576,343.769123,2477.47,471.0,5998,8.942857143,4.114285714,0,435,36.0,0,0,954,294,0,1,0,23997,12,1,1295,45,0,115,23997,3628,902,0,0,0,0,0.0,0,0,1,1,0,0,1,1,6109.22,0.0,80,709552,109026,0
2019-02-25,35716,1907040,5529,48.75,29.79166667,80.0,66.17731173,28.44884488,92.0,344.912136,2610.71,515.0,5929,9.018571429,4.284285714,4,467,44.0,154,0,888,291,23,1,18,24307,3,1,844,52,0,105,24307,3867,1057,0,0,0,0,0.0,0,0,0,0,0,0,0,0,6496.36,0.0,48,661274,114401,0
2019-03-04,35479,1686319,4904,36.77419355,29.44444444,68.75,37.78202677,33.64035088,60.40816327,343.8628161,1791.62,574.0,5956,8.781428571,4.588571429,51,485,38.0,1354,0,953,300,153,1,144,25880,12,0,782,51,0,99,25880,4035,976,1,0,0,0,0.0,0,0,0,0,1,0,1,0,8152.98,249.65,69,506137,167150,290660
2019-03-11,28794,1648289,4829,60.69767442,29.28571429,77.77777778,74.84773151,30.65693431,80.40431267,341.3285152,1456.22,530.0,5862,8.521428571,4.332857143,41,451,38.0,1399,0,917,283,196,0,183,24298,7,0,1039,55,0,139,24298,3740,882,0,0,0,0,0.0,0,0,0,0,0,0,0,0,9641.33,724.51,51,411857,167319,677599
2019-03-18,30024,1634266,4697,43.41463415,29.75,61.53846154,52.50289687,32.63598326,62.27138643,347.9333724,1438.12,496.0,5767,8.758571429,4.264285714,42,419,35.0,1361,0,873,267,196,0,199,23325,4,0,993,50,0,106,23325,3669,945,0,0,0,0,0.0,0,0,0,0,0,0,0,0,9729.21,956.5,43,411728,174609,762656
2019-03-25,28553,1674247,4799,40.57692308,31.31578947,57.14285714,51.67381974,32.69503546,61.65402124,348.870598,1868.78,486.0,5472,8.501428571,4.242857143,38,412,36.0,1277,0,841,258,158,0,155,22292,6,0,897,38,0,98,22292,3541,892,0,0,0,0,0.0,0,0,0,0,0,0,0,0,9311.83,869.14,53,623589,152338,844483
2019-04-01,29079,1551895,4483,41.95121951,29.16666667,46.25,53.84138786,31.90140845,45.23584906,346.168675,923.04,504.0,5437,8.191428571,4.4,44,415,45.0,1351,0,903,298,181,0,147,22747,5,0,744,38,0,78,22747,3775,797,0,0,0,0,0.0,0,0,0,0,1,0,1,0,4062.07,217.45,53,261412,81772,242816
2019-04-08,28903,1528225,4438,45.27210884,26.53846154,56.25,56.77705977,30.31746032,57.45711835,344.3451352,725.8,505.0,5382,8.178571429,4.462857143,41,426,38.0,1256,0,844,272,153,0,161,22508,8,0,694,43,0,80,22508,3799,758,0,0,0,0,0.0,0,0,0,0,0,0,0,0,3541.76,802.86,61,195399,59293,582621
2019-04-15,28483,1523674,4489,41.98051948,26.53846154,50.66666667,51.52558537,31.11111111,69.56831832,339.4196926,711.43,422.0,4885,8.51,4.437142857,43,353,26.0,1203,0,770,246,152,3,128,20396,1,3,664,58,0,63,20396,3399,697,0,0,0,0,0.0,0,0,0,0,0,0,0,0,3189.17,2815.11,65,203668,52471,378364
2019-04-22,27031,1466356,4403,52.72727273,25.35714286,57.08333333,64.40319817,24.61864407,83.35958005,333.0304065,580.8,415.0,4833,8.11,4.305714286,22,363,30.0,1139,0,742,248,175,0,123,19206,1,0,844,44,0,76,19206,3171,696,1,0,0,0,0.0,0,0,0,0,2,0,2,0,3929.41,9139.05,50,182401,59225,474091
2019-04-29,27144,1495330,4390,48.52941176,25.35714286,44.16666667,56.00852273,24.62962963,37.5,340.6149567,509.26,504.0,5070,8.548571429,4.4,41,434,29.0,1222,0,843,289,142,0,129,21038,5,0,801,38,0,93,21038,3425,708,0,0,0,0,0.0,0,0,0,0,2,0,2,0,4667.48,3545.62,27,248855,61985,413148
2019-05-06,27006,1512212,4346,47.61904762,25.76923077,20.83333333,48.45380264,27.2,20.03533569,347.9487736,519.21,460.0,5020,8.185714286,4.457142857,37,385,38.0,1176,0,808,252,142,1,134,20889,11,0,605,40,0,149,20889,3482,733,0,0,0,0,0.0,0,0,0,0,0,0,0,0,4098.13,2617.1,38,308792,62321,714189
2019-05-13,26870,1688306,4886,42.26415094,26.15384615,48.0,42.71832408,25.75,56.92923336,345.5332051,519.2,438.0,5149,7.494285714,3.925714286,34,376,28.0,1208,0,771,37,181,1,130,19018,4,0,710,78,0,104,19018,3469,784,0,0,0,0,0.0,0,0,0,0,1,1,1,1,4035.21,826.6,41,304335,53329,616189
2019-05-20,26116,1641944,4994,51.57894737,26.66666667,56.25,66.2962963,26.63636364,77.29851974,328.7781858,181.58,463.0,4662,8.108571429,4.331428571,38,393,32.0,1105,0,766,267,156,0,133,19177,17,0,635,53,0,116,19177,3205,636,0,0,0,0,0.0,0,0,0,0,0,0,0,0,3768.99,873.91,31,108100,45639,475410
2019-05-27,25636,1322163,3913,47.14285714,25.71428571,46.5,45.46296296,31.47540984,51.58038147,337.8853591,0.0,377.0,4238,7.832857143,4.177142857,20,333,24.0,928,0,664,239,157,2,104,16461,13,2,885,50,0,83,16461,2621,583,1,0,0,0,0.0,0,0,1,1,0,0,1,1,4679.47,310.6,30,0,55504,212933
2019-06-03,26770,1378946,4024,49.03846154,26.53846154,29.16666667,47.22809198,25.53191489,28.90663391,342.6747614,0.0,430.0,4552,7.842857143,4.24,19,377,34.0,1154,0,702,228,141,0,116,18312,5,0,791,36,0,84,18312,2811,825,0,0,0,0,0.0,0,0,0,0,0,0,0,0,4898.84,724.85,72,0,36762,535040
2019-06-10,31885,1574512,4524,42.0,25.3125,50.90909091,44.62040816,30.28571429,56.54612546,348.0296729,0.0,422.0,4689,8.288571429,4.187142857,30,360,32.0,1116,0,740,230,149,2,157,18630,9,1,850,37,0,42,18630,2899,850,1,0,0,0,0.0,0,0,0,0,0,0,0,0,3142.14,721.1,34,0,15733,516969
2019-06-17,30572,1519613,4385,36.04651163,25.71428571,42.1875,42.22400857,27.79620853,49.04599659,346.5428255,0.0,473.0,4533,8.385714286,4.221428571,35,397,41.0,1046,0,722,261,133,1,123,18093,7,1,923,31,0,41,18093,2807,723,0,0,0,0,0.0,0,0,0,0,1,0,1,0,1719.47,528.6,35,0,11972,400477
2019-06-24,29773,1668250,4743,38.28125,25.33333333,45.0,48.3524735,24.90566038,57.61923688,351.7244423,0.0,413.0,4516,8.208571429,4.504285714,31,341,41.0,1073,0,723,253,132,1,137,18972,10,1,869,51,0,43,18972,2842,700,0,0,0,0,0.0,0,0,0,0,0,0,0,0,3599.78,490.0,18,0,19939,487550
2019-07-01,27724,991667,2898,41.25,30.0,33.125,51.42595978,29.68992248,27.00704225,342.183109,0.0,297.0,3595,8.768571429,4.355714286,20,253,24.0,797,0,558,208,109,1,76,14580,6,0,776,46,0,26,14580,2190,551,0,0,0,0,0.0,0,0,1,1,0,0,1,1,3101.0,32.1,54,0,18151,11022
2019-07-08,31937,1545411,4510,40.26077098,31.25,54.16666667,50.71739992,31.57142857,57.77477477,342.6582661,0.0,394.0,4544,8.294285714,4.301428571,22,333,39.0,1107,0,739,231,127,0,150,18878,9,0,868,71,0,40,18878,2869,686,1,0,0,0,0.0,0,0,0,0,0,0,0,0,3044.47,610.35,31,0,19592,465495
2019-07-15,30069,1610909,4843,38.01886792,30.66666667,44.58333333,41.6509636,28.33333333,50.91985428,332.6213153,0.0,460.0,4689,8.727142857,4.232857143,27,404,29.0,1105,0,733,297,145,0,120,18636,10,0,912,43,0,57,18636,2940,722,5,0,0,0,0.0,0,0,0,0,1,1,1,1,4567.13,451.4,42,0,28742,432033
2019-07-22,28974,1499341,4494,47.93103448,30.0,52.22222222,52.09197981,28.93333333,63.98471616,333.6260191,0.0,406.0,4710,9.065714286,4.298571429,23,349,34.0,1151,0,770,308,142,0,147,18918,6,0,957,43,0,49,18918,2930,722,3,0,0,0,0.0,0,0,0,0,0,0,0,0,4393.99,445.75,57,0,31655,433012
2019-07-29,29224,1391602,4010,39.66666667,29.33333333,42.5,47.7496038,28.5,27.85714286,347.0265387,0.0,430.0,4643,8.512857143,4.28,33,363,34.0,1101,0,759,252,132,0,120,18618,5,0,927,30,0,68,18618,2926,683,4,0,0,0,0.0,0,0,0,0,1,0,1,0,2896.83,526.55,35,0,15980,367144
2019-08-05,28834,1354698,3929,46.875,31.875,20.0,50.60498221,32.98701299,20.0,344.7869992,0.0,418.0,4523,8.562857143,4.09,22,368,28.0,990,0,692,242,165,0,127,17631,3,0,924,28,0,47,17631,2828,689,4,0,0,0,0.0,0,0,0,0,1,0,1,0,4390.32,974.6,54,0,24875,846877
2019-08-12,28600,1488786,4563,37.11864407,30.625,41.78571429,40.46036435,30.11111111,50.5291411,326.2679334,0.0,450.0,4683,8.557142857,4.084285714,30,380,40.0,1121,0,758,279,197,1,141,17930,3,1,971,22,0,33,17930,3006,646,1,0,0,0,0.0,0,0,0,0,1,0,1,0,3257.12,1267.56,67,0,21532,957887
2019-08-19,28018,1620280,4917,51.18421053,30.0,56.36363636,64.16405024,31.15384615,79.5045045,329.5221212,0.0,433.0,4817,8.708571429,4.482857143,17,387,29.0,1113,0,739,290,165,1,121,20456,3,1,1030,14,0,53,20456,3038,667,11,0,0,0,0.0,0,0,0,0,1,0,1,0,3940.19,2266.12,61,0,24241,903382
2019-08-26,28572,1556789,4488,37.65625,30.0,51.66666667,48.85994876,29.53488372,52.0,346.8715931,0.0,465.0,4883,8.552857143,4.345714286,27,410,28.0,1155,0,812,308,166,1,136,20703,15,1,1004,29,0,57,20703,3066,696,15,0,0,0,0.0,0,0,0,0,1,1,1,1,4038.8,2500.87,38,0,21228,758526
2019-09-02,28397,1221109,3616,50.96774194,30.66666667,28.33333333,52.33817701,27.77777778,42.57340242,337.689198,0.0,463.0,4336,8.285714286,4.091428571,27,399,37.0,999,0,696,298,147,1,145,16870,12,1,887,18,0,49,16870,2720,616,33,0,0,0,0.0,0,0,1,1,0,0,1,1,3725.47,2858.45,44,0,26334,400399
2019-09-09,28490,1695929,5271,44.1509434,31.33333333,61.25,48.94213382,28.33333333,72.32413179,321.740793,0.0,498.0,4971,7.447142857,3.662857143,44,409,45.0,1199,0,772,311,205,0,121,17655,15,0,1018,24,0,54,17655,3166,673,21,0,0,0,0.0,0,0,0,0,0,0,0,0,3413.83,5267.28,68,0,25454,1113643
2019-09-16,26455,1618654,4923,43.51851852,31.17647059,52.0,53.70276008,33.79310345,70.19081272,328.7899208,0.0,442.0,4592,7.447142857,3.787142857,28,380,34.0,1084,0,718,241,191,4,127,16642,5,4,1061,5,0,55,16642,2835,603,24,0,0,0,0.0,0,0,0,0,0,0,0,0,6472.79,6000.41,44,0,33985,940725
2019-09-23,25019,1634313,4936,40.58823529,30.71428571,55.0,53.07197427,33.42105263,62.82967033,331.0955409,0.0,473.0,5246,7.9,3.895714286,49,379,45.0,1177,0,760,291,216,1,117,19559,6,1,1019,8,0,47,19559,3294,784,87,0,0,0,0.0,0,0,0,0,0,0,0,0,6633.65,5754.11,63,0,28973,762653
2019-09-30,24356,1498536,4594,40.0,31.57894737,50.90909091,48.37708831,30.72289157,59.33742331,326.1856748,0.0,483.0,4863,8.272857143,4.292857143,33,417,33.0,1120,0,715,267,202,0,132,19521,10,0,823,7,0,68,19521,3199,727,29,0,0,0,0.0,0,0,0,0,1,0,1,0,3496.89,3411.24,47,0,15815,533144
2019-10-07,25301,1423387,4412,38.0625,33.84615385,51.66666667,45.8305187,32.71028037,54.21374046,322.6101428,0.0,467.0,5153,8.737142857,4.741428571,32,399,36.0,1229,0,867,311,219,2,152,23093,4,2,1007,5,0,80,23093,3318,721,16,0,0,0,0.0,0,0,0,0,1,0,1,0,3234.88,3433.01,78,0,10294,601852
2019-10-14,23718,1422374,4469,43.0411449,34.0,48.18181818,48.97913593,30.1986755,54.15758592,318.2686194,0.0,468.0,5028,8.435714286,4.562857143,37,394,37.0,1194,0,805,323,214,1,132,21511,11,0,1122,24,0,62,21511,3111,681,17,0,0,0,0.0,0,0,1,0,0,0,1,0,5163.42,2910.82,58,0,15199,407525
2019-10-21,28105,1299093,3964,48.0,32.72727273,42.0,50.29202841,34.50980392,28.53448276,327.7158527,0.0,318.5,4018,10.51571429,4.555714286,38,212,68.5,11,0,7,271,81,2,0,17262,6,2,481,28,0,76,17262,2874,534,17,0,0,0,0.0,0,0,0,0,1,0,1,0,9645.36,4515.48,38,0,37849,486420
2019-10-28,37627,1411550,4234,43.33333333,36.36363636,25.0,51.18967452,35.69343066,20.75757576,333.3771634,0.0,329.0,4055,9.314285714,4.351428571,29,219,81.0,0,0,0,272,73,1,0,16474,1,1,787,11,0,110,16474,2554,582,9,0,0,0,0.0,0,0,0,0,2,1,2,1,8824.2,2418.14,49,0,48210,811744
2019-11-04,38725,1641657,5157,40.38461538,34.58333333,41.53846154,37.53413322,30.98445596,40.88869715,318.3251774,0.0,299.0,4180,9.16,4.355714286,23,216,60.0,0,0,0,292,73,2,0,17575,8,1,636,8,0,165,17575,2775,583,4,0,0,0,0.0,0,0,0,0,1,0,1,0,5565.15,1026.83,54,0,39596,12893
2019-11-11,38399,1556027,4883,32.91666667,35.0,33.57142857,31.96436943,35.30054645,41.66112957,318.6517489,0.0,360.0,4566,8.681428571,4.221428571,20,280,60.0,0,0,0,314,61,3,0,18240,8,0,1085,6,0,140,18240,2723,599,5,0,0,0,0.0,0,0,1,0,0,0,1,0,2887.33,1257.23,56,0,29528,427664
2019-11-18,36783,1710549,5426,40.88235294,34.07407407,44.16666667,40.00295159,32.19354839,52.3857404,315.2392591,0.0,401.0,5268,9.021428571,4.371428571,32,289,80.0,0,0,0,314,96,1,0,21891,4,0,1432,8,0,191,21891,2958,673,2,0,0,0,0.0,0,0,0,0,0,0,0,0,2719.58,997.78,64,0,27189,399672
2019-11-25,36329,1097828,3388,35.9375,35.23809524,48.88888889,50.42397661,35.78947368,49.93589744,324.0244481,0.0,465.0,4911,9.324285714,4.371428571,28,312,125.0,0,0,0,347,55,2,0,20659,14,0,1500,165,0,165,20659,2412,647,8,0,0,0,0.0,0,0,1,1,1,1,2,2,3723.05,952.55,72,0,31342,227254
2019-12-02,34665,1657417,5114,46.66666667,33.5,34.16666667,44.18907199,35.52,22.46644295,324.0837524,0.0,523.0,5544,9.71,4.474285714,30,327,166.0,0,0,0,343,75,2,0,23903,5,2,1180,149,0,187,23903,3252,763,6,0,0,0,0.0,0,0,0,0,1,1,1,1,5989.31,1565.34,46,0,43471,301099
2019-12-09,35874,1823053,5645,40.5,33.07692308,50.90909091,42.7113164,35.40106952,54.58803612,322.9415837,0.0,466.0,4733,9.675714286,4.594285714,29,292,145.0,0,0,0,332,83,1,0,20603,13,1,952,39,0,173,20603,2894,659,2,0,0,0,0.0,0,0,0,0,1,0,1,0,5744.92,1698.96,41,0,38453,299029
2019-12-16,33773,1660532,5317,36.03174603,32.17391304,40.625,36.59623335,32.7388535,48.80077369,312.297239,0.0,351.0,4364,9.117142857,4.25,28,231,92.0,0,0,0,231,65,4,0,17070,9,0,765,24,0,139,17070,2810,613,4,0,0,0,0.0,0,0,0,0,2,1,2,1,3303.52,1503.2,56,0,25910,293275
2019-12-23,31077,803278,2603,33.2,34.76190476,35.83333333,31.62565905,37.65957447,36.79824561,308.5863888,0.0,235.0,2682,9.504285714,4.214285714,19,160,56.0,0,0,0,183,31,1,0,10778,3,0,679,10,0,86,10778,1588,313,3,0,0,0,0.0,0,0,1,0,1,0,2,0,2291.88,1375.64,49,0,20634,106073
2019-12-30,30243,1282433,4123,40.55555556,29.41176471,45.55555556,55.53142857,23.75,60.01488095,311.0341159,0.0,362.0,3805,9.548571429,4.271428571,14,251,97.0,0,0,0,277,53,2,0,15386,8,1,963,50,0,139,15386,2237,406,1,0,0,0,0.0,0,0,1,1,0,0,1,1,1925.07,982.06,48,0,29418,200498
2020-01-06,30201,1693307,5568,38.86363636,26.11111111,50.0,43.45255126,26.86619718,56.02367688,304.1029454,0.0,442.0,5116,8.61,3.988571429,22,304,116.0,0,0,0,276,73,0,0,19624,6,0,1431,25,0,134,19624,2949,570,1,0,0,0,0.0,0,0,0,0,0,0,0,0,5424.98,989.85,43,0,41336,459238
2020-01-13,28894,1841623,5610,42.53164557,24.6875,50.83333333,42.61563518,27.22021661,55.65512559,328.2632888,0.0,406.0,5087,9.197142857,4.007142857,25,257,124.0,0,0,0,337,52,1,0,19491,5,0,1377,26,0,124,19491,2960,592,3,0,0,0,0.0,0,0,0,0,0,0,0,0,5638.32,1240.56,66,0,44445,457531
2020-01-20,26956,1653961,5079,48.67924528,26.34615385,33.57142857,43.41004184,26.09289617,25.30927835,325.6353318,0.0,406.0,4586,8.971428571,4.005714286,32,285,89.0,0,0,0,316,69,3,0,17485,5,2,1132,18,0,116,17485,2766,541,6,0,0,0,0.0,39,0,1,0,0,0,1,0,5624.96,1069.01,65,0,45998,593418
2020-01-27,27198,1700078,5263,51.93548387,25.76923077,51.66666667,61.2,26.74074074,68.10769231,323.0119704,0.0,540.0,6285,8.847142857,3.925714286,27,390,123.0,0,0,0,438,82,2,0,22960,10,0,2220,76,0,179,22960,3121,676,3,0,0,0,0.0,16,0,0,0,0,0,0,0,9758.68,1201.06,61,0,56955,686148
2020-02-03,26604,1792469,5719,35.66666667,26.37931034,42.14285714,35.73703552,28.81987578,46.692607,313.4095646,10942.58,501.0,5397,8.974285714,4.37,27,348,126.0,0,0,0,339,74,4,0,22179,14,0,1120,80,0,166,22179,3284,714,19,0,0,0,0.0,58,0,0,0,0,0,0,0,6776.35,3309.83,59,9625751,36371,597981
2020-02-10,26479,1710492,5294,34.45945946,25.18518519,38.66666667,31.5718379,27.29591837,44.94011976,323.0885153,25505.42,451.0,4998,9.565714286,4.475714286,31,298,122.0,0,0,0,309,49,3,0,21166,4,2,1016,32,0,182,21166,3105,630,27,4823,5054,1500,3.61725,84,0,0,0,1,1,1,1,4140.37,4727.78,53,17617619,29272,581524
2020-02-17,25859,1638782,5215,35.55555556,24.64285714,38.75,35.55997349,26.3028169,40.33391916,314.2302205,13492.75,465.0,5060,9.265714286,4.58,32,312,121.0,401,37,0,323,24,1,34,22011,8,0,1201,80,0,187,22011,2902,639,43,0,0,0,0.0,114,0,1,1,0,0,1,1,6030.71,5171.22,52,11990205,33399,548578
2020-02-24,24813,1711905,5144,30.47619048,24.6969697,45.0,36.83815029,28.36858006,44.35233161,332.7847589,3923.89,444.0,5362,9.417142857,4.448571429,28,307,109.0,916,68,0,392,26,1,91,22206,12,0,1321,44,0,205,22206,3075,684,21,0,0,0,0.0,237,0,0,0,0,0,0,0,6889.94,1333.15,50,1251702,34317,367763
2020-03-02,25054,1728976,5273,41.42857143,27.09677419,54.0,46.73796791,30.07853403,62.37651445,327.8813673,15411.86,403.0,5302,8.82,4.242857143,37,284,82.0,845,72,0,401,85,6,75,20933,14,0,1274,17,0,176,20933,3042,770,9,0,0,0,0.0,1127,0,0,0,0,0,0,0,7318.17,4632.69,56,633800,40229,391037
2020-03-09,26923,1653824,5057,38.44827586,26.71875,47.22222222,42.34778122,28.32579186,57.01807229,327.0248962,10262.56,364.0,4735,9.187142857,4.255714286,28,235,101.0,134,13,0,308,57,7,18,19241,14,1,1055,22,0,164,19241,2744,732,3,0,0,0,0.0,6760,0,0,0,1,1,1,1,11007.15,7742.07,50,665343,46290,636296
2020-03-16,25875,1537086,4863,35.6097561,26.83333333,32.22222222,27.80314961,29.82142857,28.14171123,316.0665227,8980.25,386.0,4581,9.748571429,4.244285714,30,250,106.0,0,0,0,328,64,0,0,18808,6,0,930,40,0,251,18808,2704,647,3,0,0,0,0.0,41243,0,0,0,0,0,0,0,10823.41,7948.28,46,548867,39889,660855
2020-03-23,24822,1334463,4370,34.17910448,26.12903226,23.33333333,31.45649139,24.36936937,20.8297568,305.3555835,8997.95,504.0,4759,9.758571429,4.655714286,20,318,166.0,0,0,0,354,64,0,0,21083,15,0,846,68,0,508,21083,2746,572,4,0,0,0,0.0,110436,0,0,0,0,0,0,0,7459.64,6208.07,58,556361,37913,686974
2020-03-30,23819,1480575,4745,37.88220551,29.16666667,40.76923077,37.96240602,33.01507538,54.45626478,312.0147102,3867.58,498.0,4750,10.52857143,4.974285714,17,323,158.0,486,43,0,408,79,0,43,22924,7,0,787,64,0,177,22924,3167,547,1,0,0,0,0.0,188923,0,0,0,1,0,1,0,8205.85,318.14,54,240085,40471,401614
2020-04-06,22612,1091532,3571,27.74193548,27.5,26.0,25.33684211,26.30434783,21.10447761,305.6482218,18303.37,444.0,4572,9.557142857,4.677142857,22,299,123.0,719,61,0,377,97,4,74,20376,7,3,949,29,0,204,20376,2884,496,0,0,0,0,0.0,219045,0,0,0,0,0,0,0,4581.01,0.0,67,9713603,30757,0
2020-04-13,24424,1063691,3454,35.0,27.85714286,41.76470588,37.12431694,26.02564103,52.40740741,307.9413289,24903.14,463.0,5114,9.791428571,4.407142857,28,316,119.0,757,58,0,469,101,4,76,21538,8,0,1078,33,0,213,21538,3278,504,0,3559,1869,1040,2.66925,193845,0,0,0,1,0,1,0,3413.03,0.0,49,17174538,34304,0
2020-04-20,24571,1173512,3856,34.06779661,28.4375,37.66666667,34.32264736,30.60606061,49.30505415,304.3169735,25414.32,475.0,4684,9.62,4.408571429,22,294,159.0,701,61,0,388,120,1,65,19673,15,1,865,43,0,186,19673,3014,560,0,0,0,0,0.0,209869,0,0,0,2,0,2,0,3150.75,0.0,81,17167121,46111,0
2020-04-27,23420,1195465,3783,37.0,28.33333333,43.5,42.92146597,30.78431373,64.24511545,315.9896907,17840.19,543.0,4960,9.554285714,4.048571429,36,327,180.0,706,61,0,374,75,0,63,18992,10,0,1382,33,0,180,18992,2825,530,0,0,0,0,0.0,194558,0,0,0,1,0,1,0,3224.14,0.0,66,22287293,44189,0
2020-05-04,22995,1251097,3945,32.56410256,27.72727273,30.0,39.93377483,26.6,37.4137931,317.117275,8894.43,535.0,5420,9.304285714,4.007142857,22,336,177.0,720,64,0,405,81,1,59,20800,40,1,1706,38,0,201,20800,2653,781,0,0,0,0,0.0,184271,0,0,0,0,0,0,0,5963.06,0.0,64,16723099,62463,0
2020-05-11,24442,1257119,3958,31.95652174,27.64705882,27.72727273,22.43641232,28.125,21.03206413,317.5986609,9662.22,581.0,6013,8.997142857,3.731428571,31,330,220.0,723,75,104,451,86,0,71,22040,19,0,1683,403,0,232,22040,2503,1173,0,0,0,0,0.0,172133,0,0,0,1,1,1,1,5062.47,0.0,43,15047832,63598,0
2020-05-18,24162,1430082,4537,44.0,30.5,41.07142857,41.2223393,32.2826087,54.49566588,315.1883073,4811.63,567.0,6712,8.96,3.521428571,40,341,186.0,812,68,651,454,111,3,81,22964,19,1,1996,58,0,370,22964,2927,1341,0,0,0,0,0.0,167139,0,0,0,0,0,0,0,5011.85,0.0,58,9104603,42833,0
2020-05-25,23133,1426830,4484,43.21428571,32.30769231,42.0,54.59677419,36.63461538,67.51088534,318.1926405,5725.04,636.0,6765,9.194285714,3.178571429,37,408,191.0,823,59,697,507,111,0,80,20733,13,0,1618,614,0,461,20733,2770,1289,0,0,0,0,0.0,152492,0,1,0,0,0,1,0,5917.05,0.0,45,10247328,45240,0
2020-06-01,19994,1736652,5561,33.3490566,26.0,43.84615385,42.15650701,24.57943925,61.54354588,312.2770545,7304.6,627.0,6319,9.422857143,3.435714286,30,382,215.0,814,68,624,406,101,2,69,20661,15,2,1638,72,0,199,20661,3123,1270,0,0,0,0,0.0,154601,0,0,0,0,0,0,0,6907.57,0.0,54,4614303,38502,0
2020-06-08,18847,2088538,6995,30.15243902,27.27272727,38.05555556,33.00420778,29.06542056,47.74918743,298.5642816,0.0,605.0,6416,8.915714286,3.628571429,36,397,172.0,889,79,573,447,129,5,92,22649,27,5,1445,77,0,172,22649,3299,1391,0,0,0,0,0.0,159687,0,0,0,0,0,0,0,5641.89,0.0,42,0,36752,0
2020-06-15,18183,1946018,6297,35.51020408,28.80952381,26.25,28.19742489,33.9893617,21.13324176,309.024861,0.0,683.0,6363,9.268571429,3.775714286,92,413,178.0,865,69,632,455,112,12,74,22882,18,12,1446,87,0,141,22882,3384,1275,0,0,0,0,0.0,202731,0,0,0,0,0,0,0,3986.59,0.0,74,0,31721,0
2020-06-22,17963,1930514,6348,34.15384615,25.0,28.0,31.21498269,24.78947368,35.51695616,304.0987634,0.0,710.0,7028,8.64,3.437142857,89,460,161.0,965,90,683,452,130,5,102,23184,11,5,1939,67,0,143,23184,3478,1385,0,0,0,0,0.0,290110,0,0,0,1,1,1,1,5423.81,0.0,46,0,39254,0
2020-06-29,17826,1583663,5223,38.4375,27.35294118,25.0,43.78313253,32.29508197,28.76923077,303.1962952,0.0,776.0,7175,9.177142857,3.801428571,90,470,216.0,919,100,728,470,123,8,93,26515,16,8,1721,766,0,140,26515,3110,1414,0,0,0,0,0.0,366649,0,1,1,0,0,1,1,4867.77,0.0,81,0,38052,0
2020-07-06,17291,2066110,6827,43.33333333,40.0,32.5,42.9539749,40.0,33.76811594,302.6246301,0.0,780.0,6982,9.198571429,3.775714286,93,488,199.0,929,81,732,535,85,3,84,25404,24,3,1338,853,0,119,25404,3495,1149,1,0,0,0,0.0,428935,0,0,0,0,0,0,0,4340.73,494.21,77,0,33556,117039
2020-07-13,16339,1888812,6183,38.42105263,32.5,32.5,32.45614035,34.28571429,34.77777778,305.4711548,0.0,749.0,6178,9.038571429,4.088571429,88,532,129.0,935,83,696,445,115,3,88,24300,69,3,987,80,0,137,24300,3746,1156,0,6984,3754,1930,5.238,480697,0,0,0,0,0,0,0,2944.74,2697.28,77,0,32127,357370
2020-07-20,13881,1827329,6130,30.35714286,34.28571429,30.0,26.62790698,33.84615385,30.17857143,298.0823573,0.0,836.0,6523,9.27,4.214285714,91,612,133.0,890,85,678,469,123,2,79,26512,40,1,898,100,0,160,26512,4269,1055,0,0,0,0,0.0,458939,0,0,0,0,0,0,0,2988.24,2551.27,74,0,28889,381689
2020-07-27,11783,1940948,6279,43.80952381,32.0,32.0,43.67231638,37.87234043,30.41322314,309.1040691,0.0,1177.0,7595,8.874285714,3.931428571,106,946,125.0,985,81,781,528,111,3,79,28800,40,2,1333,146,0,197,28800,4835,1042,0,0,0,0,0.0,421655,0,0,0,0,0,0,0,5093.76,5368.71,95,0,35895,405875
2020-08-03,9997,1686755,5379,38.0,33.88888889,32.0,33.39479393,28.61111111,33.06122449,313.5653932,0.0,1598.0,7937,9.071428571,3.967142857,112,1140,346.0,993,80,785,585,110,3,99,30360,53,3,1514,133,0,173,30360,4921,1140,0,0,0,0,0.0,373652,0,0,0,0,0,0,0,5217.53,6163.09,75,0,35367,421065
2020-08-10,8640,1651459,5410,80.0,32.33333333,32.0,80.0,36.80555556,33.33333333,305.2474769,0.0,1887.0,9282,8.765714286,3.952857143,138,1442,307.0,1034,96,890,663,108,6,90,35612,58,5,2035,110,0,289,35612,5527,1258,0,0,0,0,0.0,339363,0,0,0,0,0,0,0,3180.98,7065.68,67,0,35514,487516
2020-08-17,7457,1710586,5210,75.71428571,30.0,26.66666667,73.07692308,30.83333333,32.43697479,328.3115451,0.0,1522.0,8296,8.43,3.625714286,128,1329,65.0,1011,100,734,492,92,3,90,29024,55,3,1351,84,0,412,29024,5237,1154,0,0,0,0,0.0,299860,0,0,0,0,0,0,0,3134.23,8394.47,75,0,32904,746643
2020-08-24,6829,1816411,5593,54.58333333,31.9047619,30.0,59.02350814,37.07207207,30.20408163,324.74941,0.0,1261.0,7154,8.635714286,3.872857143,155,1045,61.0,895,97,663,449,95,7,96,26720,63,6,952,72,0,129,26720,4911,1021,0,0,0,0,0.0,291069,0,0,0,0,0,0,0,3642.75,2288.94,55,0,36638,392558
2020-08-31,7568,1697317,5353,35.0,30.41666667,30.0,27.24014337,28.80952381,37.01492537,317.0690361,0.0,1420.0,7179,8.901428571,4.092857143,110,1033,277.0,972,115,667,452,121,5,106,28240,31,4,546,61,0,162,28240,5239,1136,0,0,0,0,0.0,289209,0,0,0,0,0,0,0,4798.01,4275.87,69,0,39834,96458
2020-09-07,7423,1699632,5334,33.5,31.42857143,32.0,28.28507795,33.33333333,37.33333333,318.6295557,0.0,1321.0,6800,9.44,4.437142857,90,969,262.0,1036,160,684,526,133,6,172,29083,19,6,536,195,0,166,29083,4794,1083,1,0,0,0,0.0,246548,0,1,1,1,0,2,1,3445.63,5004.09,73,0,35948,64762
2020-09-14,6489,2147111,6913,38.88888889,34.28571429,32.0,31.16959064,26.66666667,32.0,310.576848,0.0,981.0,5605,8.695714286,4.142857143,93,803,85.0,927,124,587,403,102,10,129,22471,32,10,263,59,0,101,22471,4407,733,0,0,0,0,0.0,285019,0,0,0,1,1,1,1,2388.76,4973.5,70,0,22130,61927
2020-09-21,6154,1806429,5428,29.70588235,34.28571429,30.0,25.09375,32.8,31.66666667,332.7806651,0.02,1265.0,6633,9.234285714,4.021428571,126,1074,65.0,1045,165,606,486,107,3,99,25575,49,3,399,102,0,103,25575,5136,841,0,0,0,0,0.0,307810,0,0,0,1,0,1,0,4755.66,5255.93,76,137,35794,61079
2020-09-28,6007,1968330,5879,0.0,23.04347826,25.0,0.0,20.85526316,23.31288344,334.7973635,0.0,1253.0,6310,8.717142857,3.71,145,1075,33.0,767,56,561,403,76,11,71,22605,37,11,451,77,0,52,22605,4871,811,0,0,0,0,0.0,311209,0,0,0,2,0,2,0,5999.08,2926.37,46,814,41265,35994
2020-10-05,5563,1305912,3892,50.0,21.31578947,20.0,50.0,20.4379562,20.81081081,335.5251413,18.06,1560.0,6731,9.045714286,3.655714286,127,1120,313.0,782,58,633,459,85,7,86,23606,45,7,477,63,0,89,23606,5054,996,0,0,0,0,0.0,346362,0,0,0,1,0,1,0,4063.7,0.0,69,14531,25476,0
2020-10-12,6568,1921116,4994,50.0,21.31578947,21.66666667,50.0,19.41747573,21.06382979,384.6753504,3055.81,1757.0,7156,9.035714286,3.67,143,1407,207.0,825,84,623,485,82,10,70,24898,34,9,472,80,0,78,24898,5366,1117,0,0,0,0,0.0,400294,0,1,0,1,1,2,1,4086.09,0.0,79,708696,27950,0
2020-10-19,7088,1667528,5251,50.0,20.66666667,21.25,50.0,18.28358209,18.10810811,317.5523615,3206.16,1529.0,6975,8.641428571,3.285714286,149,1295,85.0,835,68,511,428,85,8,68,21983,41,8,428,103,0,59,21983,5407,929,0,0,0,0,0.0,474943,0,0,0,1,0,1,0,4091.85,0.0,79,802300,27543,0
2020-10-26,6937,1992926,5927,0.0,20.0,20.0,0.0,19.83146067,21.62790698,336.2376666,14658.07,1291.0,6257,8.768333333,3.278333333,115,1124,52.0,724,70,579,423,102,12,67,19645,43,11,424,76,0,43,19645,4893,767,0,0,0,0,0.0,579846,0,0,0,2,1,2,1,4186.97,0.0,38,3668884,23254,0
2020-11-02,7927,1566250,4922,50.0,20.33333333,20.83333333,50.0,20.16483516,23.10810811,318.2056989,2660.51,1477.0,6531,8.817142857,3.384285714,119,1124,234.0,782,47,604,453,71,9,65,21208,151,9,411,76,0,59,21208,5109,716,0,0,0,0,0.0,755248,0,0,0,1,0,1,0,3835.06,0.0,50,988877,22096,0
2020-11-09,8858,1914098,5883,70.0,22.0,22.5,61.14285714,21.01449275,22.05128205,325.3528217,7504.88,1283.0,6354,8.89,3.368571429,109,1043,131.0,802,89,602,426,84,8,69,20171,40,8,426,81,0,58,20171,5032,709,0,0,0,0,0.0,1064020,0,1,0,0,0,1,0,3212.84,0.0,76,2602880,18861,0
2020-11-16,9881,1840934,5394,0.0,22.33333333,22.14285714,0.0,23.16666667,20.1875,341.283046,9270.14,1139.0,5633,8.207142857,3.192857143,123,945,71.0,691,58,542,399,55,4,55,17063,27,4,403,67,0,59,17063,4469,604,0,0,0,0,0.0,1224320,0,0,0,0,0,0,0,2971.38,0.0,53,1543515,18755,0
2020-11-23,9431,1216060,3834,80.0,21.36363636,22.0,80.0,21.02941176,21.76470588,317.1692619,7003.42,1203.0,5915,8.225714286,3.204285714,94,1070,39.0,570,54,539,455,51,14,57,18214,49,13,510,39,0,56,18214,4556,692,0,0,0,0,0.0,1161707,0,1,1,1,1,2,2,6345.38,0.0,44,958827,24609,0
2020-11-30,10548,1874086,5716,62.85714286,22.35294118,23.33333333,59.31818182,22.52941176,24.15384615,327.8587211,2041.68,1302.0,6978,8.4,3.27,112,1129,61.0,780,62,599,444,78,5,52,21570,26,5,581,72,0,76,21570,5406,812,0,0,0,0,0.0,1427945,0,0,0,1,1,1,1,4635.85,386.51,92,385997,18626,10299
2020-12-07,10953,1997916,5882,0.0,22.5,25.0,0.0,21.66666667,27.24137931,339.659155,0.0,966.0,6136,7.785714286,2.975714286,105,768,93.0,749,66,541,413,84,5,53,17492,42,5,755,75,0,71,17492,4407,781,0,0,0,0,0.0,1528144,0,0,0,0,0,0,0,8508.31,917.03,55,0,26628,25828
2020-12-14,9866,1567064,4815,50.0,22.30769231,24.0,50.0,23.66197183,24.24242424,325.4464486,11031.39,1046.0,6057,6.904285714,2.781428571,124,871,51.0,634,50,457,351,84,8,49,16210,47,8,1041,102,0,54,16210,4111,694,0,0,0,0,0.0,1502541,369,0,0,3,0,3,0,7737.57,911.63,31,1274788,24799,31918
2020-12-21,9462,1139768,3475,50.0,25.0,25.0,50.0,24.47368421,27.61904762,327.9833669,23756.46,921.0,4719,7.688571429,2.877142857,90,789,42.0,449,43,393,324,50,3,33,12914,26,2,991,71,0,25,12914,3098,506,0,0,0,0,0.0,1310462,4113,1,0,1,0,2,0,4307.55,949.94,39,2765268,17492,31818
2020-12-28,5088,1211067,3851,50.0,22.5,20.71428571,50.0,20.55555556,19.87804878,314.4765645,14325.41,1323.0,6216,7.842857143,2.91,142,1129,52.0,611,51,496,436,79,6,65,17483,57,4,1443,100,0,60,17483,3911,641,0,0,0,0,0.0,1504795,7809,1,1,0,0,1,1,3940.57,1030.46,55,2100008,17520,36247
2021-01-04,8108,1689470,5355,50.0,28.57142857,20.0,50.0,24.61538462,20.0,315.4883007,7766.91,1481.0,7755,8.158571429,2.937142857,153,1242,86.0,840,70,644,487,108,6,72,21841,43,6,1972,76,0,77,21841,4775,806,0,0,0,0,0.0,1748380,339429,0,0,0,0,0,0,5073.05,91.35,65,2102683,20979,494
2021-01-11,7670,1642368,5198,50.0,28.57142857,20.0,50.0,23.33333333,20.0,315.9546075,20708.41,1326.0,6745,7.571428571,2.961428571,149,1082,95.0,715,50,566,476,78,11,69,19308,132,11,1799,28,0,63,19308,4073,639,0,0,0,0,0.0,1513728,1302042,0,0,0,0,0,0,11507.37,49.96,74,4345172,24935,271
2021-01-18,9694,1571077,5004,50.0,20.0,20.0,50.0,20.0,20.0,313.9542366,637.54,1640.0,8540,7.537142857,2.778571429,179,1393,68.0,853,69,655,528,86,13,82,22768,287,13,2444,53,0,95,22768,4882,766,0,0,0,0,0.0,1199103,1138852,1,0,0,0,1,0,16297.42,67.47,53,102654,33692,362
2021-01-25,9705,2152123,6255,0.0,28.57142857,30.0,0.0,22.74509804,26.66666667,344.0565548,431.21,1595.0,8422,7.158571429,2.718571429,185,1379,31.0,800,63,603,562,105,11,53,21911,391,11,2359,26,0,103,21911,4853,679,0,0,0,0,0.0,1017325,2030571,0,0,0,0,0,0,10220.66,53.84,72,77565,31165,286
2021-02-01,9296,1534017,4696,50.0,24.0,20.0,50.0,28.19672131,20.0,326.6560903,15198.69,1837.0,8504,6.974285714,2.835714286,190,1554,93.0,799,65,613,497,116,8,90,23190,193,8,2385,14,0,94,23190,5140,669,1,0,0,0,0.0,810191,2811610,0,0,0,0,0,0,11408.42,0.0,92,2619042,30454,0
2021-02-08,10566,2125632,6101,80.0,28.0,20.0,80.0,31.42857143,20.0,348.3972709,7737.73,1500.0,7513,7.475714286,2.797142857,182,1269,49.0,727,59,566,537,82,13,60,19842,160,12,2169,22,0,58,19842,4499,593,0,0,0,0,0.0,630363,4341038,0,0,0,0,0,0,5310.66,0.0,82,1373900,19011,0
2021-02-15,9827,1594344,4592,80.0,24.0,20.0,80.0,23.44827586,20.0,347.1873258,6226.53,1634.0,7776,7.504285714,2.764285714,194,1406,34.0,676,61,514,484,85,2,71,20454,137,1,2473,46,0,63,20454,4461,594,1,0,0,0,0.0,445910,4567658,1,1,1,1,2,2,12127.87,0.0,74,3121077,26758,0
2021-02-22,9677,2016442,5839,80.0,20.0,20.0,80.0,20.0,20.0,345.3292173,168.35,1248.0,8503,6.95,2.754285714,151,1057,40.0,839,47,604,526,101,7,66,22353,93,7,2479,92,0,48,22353,5112,672,0,0,0,0,0.0,457664,5281816,0,0,0,0,0,0,23262.84,618.51,51,55626,33678,21559
2021-03-01,9663,2271258,7244,60.0,26.66666667,20.0,53.55263158,25.45454545,20.0,313.5293691,218.91,85.0,8270,7.161428571,2.754285714,0,4,81.0,845,65,600,469,99,9,70,21668,78,9,2278,75,0,54,21668,5095,679,2,0,0,0,0.0,403257,5459378,0,0,0,0,0,0,9441.42,2081.49,73,71903,19117,76559
2021-03-08,9007,1823423,5580,0.0,23.33333333,20.0,0.0,21.29032258,20.0,326.7693548,1393.29,118.0,7821,7.852857143,2.947142857,49,0,69.0,829,49,620,499,115,6,83,21633,129,6,2102,32,0,32,21633,4777,742,1,0,0,0,0.0,370933,6243492,0,0,1,0,1,0,7817.88,0.0,77,296426,19240,0
2021-03-15,8180,1685879,5007,65.0,27.5,20.0,57.05882353,22.10526316,20.0,336.6941782,12251.14,401.0,7767,7.791428571,2.978571429,212,153,36.0,777,53,571,442,111,8,68,21987,159,8,2156,39,0,51,21987,4660,664,30,0,0,0,0.0,381695,6359096,0,0,0,0,0,0,7318.96,0.0,92,4388479,25059,0
2021-03-22,7415,1969889,6236,50.0,25.71428571,30.0,50.0,22.5,26.66666667,315.8845093,11419.05,1513.0,8222,7.471428571,2.867142857,207,1270,36.0,832,50,636,488,104,3,76,22386,168,3,2159,50,0,56,22386,5024,729,33,0,0,0,0.0,424279,6581410,0,0,0,0,0,0,7361.22,0.0,58,3964763,25777,0
2021-03-29,6661,1797024,5664,0.0,20.0,30.0,0.0,20.0,22.60869565,317.2659163,6191.14,1414.0,7062,7.598571429,3.011428571,201,1179,34.0,703,50,540,427,73,5,51,19953,167,5,1297,90,0,34,19953,4799,646,24,0,0,0,0.0,451516,8677325,0,0,1,0,1,0,6459.42,1473.55,80,2020265,21577,58768
2021-04-05,6190,1266081,3885,50.0,0.0,0.0,50.0,0.0,0.0,325.8828829,0.0,1229.0,5763,8.131428571,3.172857143,173,1003,53.0,690,50,501,362,61,8,56,17085,67,8,316,71,0,48,17085,4641,606,6,0,0,0,0.0,465043,9945759,0,0,1,0,1,0,1881.04,2160.65,70,0,18202,70502
2021-04-12,5141,1571128,4673,50.0,0.0,0.0,50.0,0.0,0.0,336.2052964,0.0,1196.0,5865,8.245714286,3.087142857,197,967,32.0,648,51,485,323,122,4,56,17132,57,4,332,78,0,41,17132,4704,648,1,0,0,0,0.0,478062,10951609,0,0,0,0,0,0,2613.6,0.0,64,0,20666,0
2021-04-19,4431,1477326,4452,50.0,0.0,0.0,50.0,0.0,0.0,331.8256626,0.0,1245.0,5856,8.038571429,3.122857143,168,1052,25.0,653,37,422,355,94,5,60,17231,36,4,283,59,0,41,17231,4836,595,2,0,0,0,0.0,387441,9845576,0,0,1,1,1,1,2788.26,66.53,49,0,19624,811
2021-04-26,3933,1343869,4100,55.0,0.0,0.0,73.72093023,0.0,0.0,327.7641951,0.0,1159.0,5808,7.624285714,2.948571429,165,972,22.0,645,35,399,382,64,6,42,16328,51,5,258,79,0,41,16328,4777,596,1,0,0,0,0.0,347983,9601536,0,0,1,0,1,0,1988.04,661.07,100,0,10896,16631
